URL,Question,Option A,Option B,Option C,Option D,Prompt,GT,answer
https://attack.mitre.org/techniques/T1548/,Which of the following mitigations involves preventing applications from running that haven't been downloaded from legitimate repositories?,Audit,Execution Prevention,Operating System Configuration,User Account Control,"You are given a multiple-choice question (MCQ) from a Cyber Threat Intelligence (CTI) knowledge benchmark dataset. Your task is to choose the best option among the four provided. Return your answer as a single uppercase letter: A, B, C, or D.  **Question:** Which of the following mitigations involves preventing applications from running that haven't been downloaded from legitimate repositories?  **Options:** A) Audit B) Execution Prevention C) Operating System Configuration D) User Account Control  **Important:** The last line of your answer should contain only the single letter corresponding to the best option, with no additional text. ",B, C
https://attack.mitre.org/techniques/T1548/,Which data source is recommended for monitoring commands that may circumvent mechanisms designed to control elevation of privileges?,Command,File,Process,User Account,"You are given a multiple-choice question (MCQ) from a Cyber Threat Intelligence (CTI) knowledge benchmark dataset. Your task is to choose the best option among the four provided. Return your answer as a single uppercase letter: A, B, C, or D.  **Question:** Which data source is recommended for monitoring commands that may circumvent mechanisms designed to control elevation of privileges?  **Options:** A) Command B) File C) Process D) User Account  **Important:** The last line of your answer should contain only the single letter corresponding to the best option, with no additional text. ",D, D
https://attack.mitre.org/techniques/T1548/,What does mitigation ID M1028 suggest to prevent privilege escalation exploits on a system?,Limiting privileges of cloud accounts,Preventing unsigned applications from running,Minimizing applications with setuid or setgid bits set,Enforcing the highest UAC level,"You are given a multiple-choice question (MCQ) from a Cyber Threat Intelligence (CTI) knowledge benchmark dataset. Your task is to choose the best option among the four provided. Return your answer as a single uppercase letter: A, B, C, or D.  **Question:** What does mitigation ID M1028 suggest to prevent privilege escalation exploits on a system?  **Options:** A) Limiting privileges of cloud accounts B) Preventing unsigned applications from running C) Minimizing applications with setuid or setgid bits set D) Enforcing the highest UAC level  **Important:** The last line of your answer should contain only the single letter corresponding to the best option, with no additional text. ",C, C
https://attack.mitre.org/techniques/T1548/,Which process creation is an indicator of potential SYSTEM privilege escalation according to the detection section?,C:\Windows\System32\services.exe,C:\Windows\System32\cmd.exe,C:\Windows\System32\rundll32.exe,C:\Windows\System32\notepad.exe,"You are given a multiple-choice question (MCQ) from a Cyber Threat Intelligence (CTI) knowledge benchmark dataset. Your task is to choose the best option among the four provided. Return your answer as a single uppercase letter: A, B, C, or D.  **Question:** Which process creation is an indicator of potential SYSTEM privilege escalation according to the detection section?  **Options:** A) C:\Windows\System32\services.exe B) C:\Windows\System32\cmd.exe C) C:\Windows\System32\rundll32.exe D) C:\Windows\System32\notepad.exe  **Important:** The last line of your answer should contain only the single letter corresponding to the best option, with no additional text. ",B, C
https://attack.mitre.org/techniques/T1548/,"In a Linux environment, what is recommended to monitor for detecting privilege escalation via sudo?",Monitor Windows Registry Key Modification,Monitor OS API Execution,Monitor file metadata for setuid or setgid bits on files,Audit process metadata changes,"You are given a multiple-choice question (MCQ) from a Cyber Threat Intelligence (CTI) knowledge benchmark dataset. Your task is to choose the best option among the four provided. Return your answer as a single uppercase letter: A, B, C, or D.  **Question:** In a Linux environment, what is recommended to monitor for detecting privilege escalation via sudo?  **Options:** A) Monitor Windows Registry Key Modification B) Monitor OS API Execution C) Monitor file metadata for setuid or setgid bits on files D) Audit process metadata changes  **Important:** The last line of your answer should contain only the single letter corresponding to the best option, with no additional text. ",C, C
https://attack.mitre.org/techniques/T1548/,What mitigation ID suggests requiring a password every time sudo is executed to manage privileged accounts?,Audit,Privileged Account Management,Restrict File and Directory Permissions,User Account Management,"You are given a multiple-choice question (MCQ) from a Cyber Threat Intelligence (CTI) knowledge benchmark dataset. Your task is to choose the best option among the four provided. Return your answer as a single uppercase letter: A, B, C, or D.  **Question:** What mitigation ID suggests requiring a password every time sudo is executed to manage privileged accounts?  **Options:** A) Audit B) Privileged Account Management C) Restrict File and Directory Permissions D) User Account Management  **Important:** The last line of your answer should contain only the single letter corresponding to the best option, with no additional text. ",B, C
https://attack.mitre.org/techniques/T1548/001/,"An adversary leveraging the technique ""Abuse Elevation Control Mechanism: Setuid and Setgid"" is targeting which systems from the MITRE ATT&CK Enterprise matrix?",Linux,Windows,macOS,Linux and macOS,"You are given a multiple-choice question (MCQ) from a Cyber Threat Intelligence (CTI) knowledge benchmark dataset. Your task is to choose the best option among the four provided. Return your answer as a single uppercase letter: A, B, C, or D.  **Question:** An adversary leveraging the technique ""Abuse Elevation Control Mechanism: Setuid and Setgid"" is targeting which systems from the MITRE ATT&CK Enterprise matrix?  **Options:** A) Linux B) Windows C) macOS D) Linux and macOS  **Important:** The last line of your answer should contain only the single letter corresponding to the best option, with no additional text. ",D, A
https://attack.mitre.org/techniques/T1548/001/,Which of the following commands would an adversary use to find files with the setgid bit set on a UNIX-based system?,find / -perm +4000 2>/dev/null,find / -perm +2000 2>/dev/null,ls -l | grep 's',"grep -R ""setgid"" /","You are given a multiple-choice question (MCQ) from a Cyber Threat Intelligence (CTI) knowledge benchmark dataset. Your task is to choose the best option among the four provided. Return your answer as a single uppercase letter: A, B, C, or D.  **Question:** Which of the following commands would an adversary use to find files with the setgid bit set on a UNIX-based system?  **Options:** A) find / -perm +4000 2>/dev/null B) find / -perm +2000 2>/dev/null C) ls -l | grep 's' D) grep -R ""setgid"" /  **Important:** The last line of your answer should contain only the single letter corresponding to the best option, with no additional text. ",A, A
https://attack.mitre.org/techniques/T1548/001/,Which mitigation strategy from the MITRE ATT&CK framework is recommended to counteract the abuse of setuid and setgid bits?,M1028 - Ensure disk encryption,M1028 - Operating System Configuration,M1030 - Network Segmentation,M1040 - Application Isolation and Sandboxing,"You are given a multiple-choice question (MCQ) from a Cyber Threat Intelligence (CTI) knowledge benchmark dataset. Your task is to choose the best option among the four provided. Return your answer as a single uppercase letter: A, B, C, or D.  **Question:** Which mitigation strategy from the MITRE ATT&CK framework is recommended to counteract the abuse of setuid and setgid bits?  **Options:** A) M1028 - Ensure disk encryption B) M1028 - Operating System Configuration C) M1030 - Network Segmentation D) M1040 - Application Isolation and Sandboxing  **Important:** The last line of your answer should contain only the single letter corresponding to the best option, with no additional text. ",B, C
https://attack.mitre.org/techniques/T1548/001/,Which data source should you monitor to detect changes indicating abuse of setuid or setgid bits on files?,DS0022 - Registry,DS0017 - Command execution,DS0035 - Network Traffic,DS0022 - File Metadata and Modification,"You are given a multiple-choice question (MCQ) from a Cyber Threat Intelligence (CTI) knowledge benchmark dataset. Your task is to choose the best option among the four provided. Return your answer as a single uppercase letter: A, B, C, or D.  **Question:** Which data source should you monitor to detect changes indicating abuse of setuid or setgid bits on files?  **Options:** A) DS0022 - Registry B) DS0017 - Command execution C) DS0035 - Network Traffic D) DS0022 - File Metadata and Modification  **Important:** The last line of your answer should contain only the single letter corresponding to the best option, with no additional text. ",D, D
https://attack.mitre.org/techniques/T1134/003/,"Which mitigation technique, designated as M1026 under MITRE ATT&CK, should be implemented to limit permissions for users and user groups in creating tokens?",Configuring System File Integrity,Hardening Kernel Module Loading,Partitioning Network Assets,Privileged Account Management,"You are given a multiple-choice question (MCQ) from a Cyber Threat Intelligence (CTI) knowledge benchmark dataset. Your task is to choose the best option among the four provided. Return your answer as a single uppercase letter: A, B, C, or D.  **Question:** Which mitigation technique, designated as M1026 under MITRE ATT&CK, should be implemented to limit permissions for users and user groups in creating tokens?  **Options:** A) Configuring System File Integrity B) Hardening Kernel Module Loading C) Partitioning Network Assets D) Privileged Account Management  **Important:** The last line of your answer should contain only the single letter corresponding to the best option, with no additional text. ",D, D
https://attack.mitre.org/techniques/T1134/003/,"Considering MITRE ATT&CK (Enterprise), which tool is known for its ability to create tokens from known credentials as part of its procedures?",PowerShell Empire,Cobalt Strike,Metasploit Framework,Rubeus,"You are given a multiple-choice question (MCQ) from a Cyber Threat Intelligence (CTI) knowledge benchmark dataset. Your task is to choose the best option among the four provided. Return your answer as a single uppercase letter: A, B, C, or D.  **Question:** Considering MITRE ATT&CK (Enterprise), which tool is known for its ability to create tokens from known credentials as part of its procedures?  **Options:** A) PowerShell Empire B) Cobalt Strike C) Metasploit Framework D) Rubeus  **Important:** The last line of your answer should contain only the single letter corresponding to the best option, with no additional text. ",B, D
https://attack.mitre.org/techniques/T1110/002/,"According to MITRE ATT&CK, which tool did the Night Dragon adversaries use for cracking password hashes?",Hydra,CrackMapExec,John the Ripper,Cain & Abel,"You are given a multiple-choice question (MCQ) from a Cyber Threat Intelligence (CTI) knowledge benchmark dataset. Your task is to choose the best option among the four provided. Return your answer as a single uppercase letter: A, B, C, or D.  **Question:** According to MITRE ATT&CK, which tool did the Night Dragon adversaries use for cracking password hashes?  **Options:** A) Hydra B) CrackMapExec C) John the Ripper D) Cain & Abel  **Important:** The last line of your answer should contain only the single letter corresponding to the best option, with no additional text. ",D, A
https://attack.mitre.org/techniques/T1110/002/,Which specific data source should be monitored to detect failed authentication attempts that could indicate a brute force attack?,Application Log,User Account Security Log,System Audit Log,User Account Authentication,"You are given a multiple-choice question (MCQ) from a Cyber Threat Intelligence (CTI) knowledge benchmark dataset. Your task is to choose the best option among the four provided. Return your answer as a single uppercase letter: A, B, C, or D.  **Question:** Which specific data source should be monitored to detect failed authentication attempts that could indicate a brute force attack?  **Options:** A) Application Log B) User Account Security Log C) System Audit Log D) User Account Authentication  **Important:** The last line of your answer should contain only the single letter corresponding to the best option, with no additional text. ",D, B
https://attack.mitre.org/techniques/T1110/002/,What mitigation strategy does MITRE ATT&CK suggest to defend against password cracking by adversaries?,Implementing a strict password expiration policy,Using password managers,Enabling multi-factor authentication,Configuring IP address filtering,"You are given a multiple-choice question (MCQ) from a Cyber Threat Intelligence (CTI) knowledge benchmark dataset. Your task is to choose the best option among the four provided. Return your answer as a single uppercase letter: A, B, C, or D.  **Question:** What mitigation strategy does MITRE ATT&CK suggest to defend against password cracking by adversaries?  **Options:** A) Implementing a strict password expiration policy B) Using password managers C) Enabling multi-factor authentication D) Configuring IP address filtering  **Important:** The last line of your answer should contain only the single letter corresponding to the best option, with no additional text. ",C, C
https://attack.mitre.org/techniques/T1110/001/,How does T1110.001 (Brute Force: Password Guessing) typically try to achieve credential access?,By intercepting network traffic to obtain passwords,By guessing passwords using a repetitive or iterative mechanism,By exploiting zero-day vulnerabilities,By social engineering tactics to trick users into revealing passwords,"You are given a multiple-choice question (MCQ) from a Cyber Threat Intelligence (CTI) knowledge benchmark dataset. Your task is to choose the best option among the four provided. Return your answer as a single uppercase letter: A, B, C, or D.  **Question:** How does T1110.001 (Brute Force: Password Guessing) typically try to achieve credential access?  **Options:** A) By intercepting network traffic to obtain passwords B) By guessing passwords using a repetitive or iterative mechanism C) By exploiting zero-day vulnerabilities D) By social engineering tactics to trick users into revealing passwords  **Important:** The last line of your answer should contain only the single letter corresponding to the best option, with no additional text. ",B, C
https://attack.mitre.org/techniques/T1110/001/,APT29 (G0016) used T1110.001 to attack which type of targets?,Internal networking equipment,Operating system vulnerabilities,A list of mailboxes,Web server configuration files,"You are given a multiple-choice question (MCQ) from a Cyber Threat Intelligence (CTI) knowledge benchmark dataset. Your task is to choose the best option among the four provided. Return your answer as a single uppercase letter: A, B, C, or D.  **Question:** APT29 (G0016) used T1110.001 to attack which type of targets?  **Options:** A) Internal networking equipment B) Operating system vulnerabilities C) A list of mailboxes D) Web server configuration files  **Important:** The last line of your answer should contain only the single letter corresponding to the best option, with no additional text. ",C, A
https://attack.mitre.org/techniques/T1110/001/,Why are LDAP and Kerberos connection attempts less likely to trigger events compared to SMB?,LDAP and Kerberos have default settings that disable logging,"SMB creates specific ""logon failure"" event ID 4625",LDAP and Kerberos use encryption that prevents logging,SMB sessions expire more quickly than LDAP and Kerberos sessions,"You are given a multiple-choice question (MCQ) from a Cyber Threat Intelligence (CTI) knowledge benchmark dataset. Your task is to choose the best option among the four provided. Return your answer as a single uppercase letter: A, B, C, or D.  **Question:** Why are LDAP and Kerberos connection attempts less likely to trigger events compared to SMB?  **Options:** A) LDAP and Kerberos have default settings that disable logging B) SMB creates specific ""logon failure"" event ID 4625 C) LDAP and Kerberos use encryption that prevents logging D) SMB sessions expire more quickly than LDAP and Kerberos sessions  **Important:** The last line of your answer should contain only the single letter corresponding to the best option, with no additional text. ",B, A
https://attack.mitre.org/techniques/T1110/001/,Which mitigation can help prevent T1110.001 attacks but might cause a denial of service if too strict?,Multi-factor Authentication,Update Software,Account Use Policies,Password Manager Setup,"You are given a multiple-choice question (MCQ) from a Cyber Threat Intelligence (CTI) knowledge benchmark dataset. Your task is to choose the best option among the four provided. Return your answer as a single uppercase letter: A, B, C, or D.  **Question:** Which mitigation can help prevent T1110.001 attacks but might cause a denial of service if too strict?  **Options:** A) Multi-factor Authentication B) Update Software C) Account Use Policies D) Password Manager Setup  **Important:** The last line of your answer should contain only the single letter corresponding to the best option, with no additional text. ",C, C
https://attack.mitre.org/techniques/T1110/001/,Which service is commonly targeted by T1110.001 via TCP port 1433?,FTP,Server Message Block (SMB),MySQL,MSSQL,"You are given a multiple-choice question (MCQ) from a Cyber Threat Intelligence (CTI) knowledge benchmark dataset. Your task is to choose the best option among the four provided. Return your answer as a single uppercase letter: A, B, C, or D.  **Question:** Which service is commonly targeted by T1110.001 via TCP port 1433?  **Options:** A) FTP B) Server Message Block (SMB) C) MySQL D) MSSQL  **Important:** The last line of your answer should contain only the single letter corresponding to the best option, with no additional text. ",D, D
https://attack.mitre.org/techniques/T1110/001/,Which tool allows brute-forcing across an entire network as part of T1110.001?,Pony,EMOTET,CrackMapExec,HermeticWizard,"You are given a multiple-choice question (MCQ) from a Cyber Threat Intelligence (CTI) knowledge benchmark dataset. Your task is to choose the best option among the four provided. Return your answer as a single uppercase letter: A, B, C, or D.  **Question:** Which tool allows brute-forcing across an entire network as part of T1110.001?  **Options:** A) Pony B) EMOTET C) CrackMapExec D) HermeticWizard  **Important:** The last line of your answer should contain only the single letter corresponding to the best option, with no additional text. ",C, C
https://attack.mitre.org/techniques/T1110/,In which scenario might an adversary combine brute forcing activity with External Remote Services?,Initial Access,Execution,Persistence,Collection,"You are given a multiple-choice question (MCQ) from a Cyber Threat Intelligence (CTI) knowledge benchmark dataset. Your task is to choose the best option among the four provided. Return your answer as a single uppercase letter: A, B, C, or D.  **Question:** In which scenario might an adversary combine brute forcing activity with External Remote Services?  **Options:** A) Initial Access B) Execution C) Persistence D) Collection  **Important:** The last line of your answer should contain only the single letter corresponding to the best option, with no additional text. ",A, C
https://attack.mitre.org/techniques/T1110/,Which group used a script to attempt RPC authentication during the 2016 Ukraine Electric Power Attack?,APT28,Sandworm Team,Dragonfly,OilRig,"You are given a multiple-choice question (MCQ) from a Cyber Threat Intelligence (CTI) knowledge benchmark dataset. Your task is to choose the best option among the four provided. Return your answer as a single uppercase letter: A, B, C, or D.  **Question:** Which group used a script to attempt RPC authentication during the 2016 Ukraine Electric Power Attack?  **Options:** A) APT28 B) Sandworm Team C) Dragonfly D) OilRig  **Important:** The last line of your answer should contain only the single letter corresponding to the best option, with no additional text. ",B, C
https://attack.mitre.org/techniques/T1110/,"According to the MITRE ATT&CK framework, which technique ID corresponds to Brute Force?",T1133,T1059,T1110,T1049,"You are given a multiple-choice question (MCQ) from a Cyber Threat Intelligence (CTI) knowledge benchmark dataset. Your task is to choose the best option among the four provided. Return your answer as a single uppercase letter: A, B, C, or D.  **Question:** According to the MITRE ATT&CK framework, which technique ID corresponds to Brute Force?  **Options:** A) T1133 B) T1059 C) T1110 D) T1049  **Important:** The last line of your answer should contain only the single letter corresponding to the best option, with no additional text. ",C, C
https://attack.mitre.org/techniques/T1110/,Which procedure example includes the use of Ncrack to reveal credentials?,APT39,APT38,Fox Kitten,PoshC2,"You are given a multiple-choice question (MCQ) from a Cyber Threat Intelligence (CTI) knowledge benchmark dataset. Your task is to choose the best option among the four provided. Return your answer as a single uppercase letter: A, B, C, or D.  **Question:** Which procedure example includes the use of Ncrack to reveal credentials?  **Options:** A) APT39 B) APT38 C) Fox Kitten D) PoshC2  **Important:** The last line of your answer should contain only the single letter corresponding to the best option, with no additional text. ",A, D
https://attack.mitre.org/techniques/T1110/,What mitigation strategy involves setting account lockout policies after a certain number of failed login attempts?,Multi-factor Authentication,Account Use Policies,User Account Management,Password Policies,"You are given a multiple-choice question (MCQ) from a Cyber Threat Intelligence (CTI) knowledge benchmark dataset. Your task is to choose the best option among the four provided. Return your answer as a single uppercase letter: A, B, C, or D.  **Question:** What mitigation strategy involves setting account lockout policies after a certain number of failed login attempts?  **Options:** A) Multi-factor Authentication B) Account Use Policies C) User Account Management D) Password Policies  **Important:** The last line of your answer should contain only the single letter corresponding to the best option, with no additional text. ",B, C
https://attack.mitre.org/techniques/T1185/,"Considering the MITRE ATT&CK technique T1185 (Browser Session Hijacking), what specific functionality does Agent Tesla leverage to collect user information?",Form-grabbing,HTML injection,Session hijacking,SSL certificate theft,"You are given a multiple-choice question (MCQ) from a Cyber Threat Intelligence (CTI) knowledge benchmark dataset. Your task is to choose the best option among the four provided. Return your answer as a single uppercase letter: A, B, C, or D.  **Question:** Considering the MITRE ATT&CK technique T1185 (Browser Session Hijacking), what specific functionality does Agent Tesla leverage to collect user information?  **Options:** A) Form-grabbing B) HTML injection C) Session hijacking D) SSL certificate theft  **Important:** The last line of your answer should contain only the single letter corresponding to the best option, with no additional text. ",A, A
https://attack.mitre.org/techniques/T1185/,Which permission is typically required to execute browser-based pivoting behaviors in the context of T1185?,SeTcbPrivilege,SeShutdownPrivilege,SeDebugPrivilege,SeTakeOwnershipPrivilege,"You are given a multiple-choice question (MCQ) from a Cyber Threat Intelligence (CTI) knowledge benchmark dataset. Your task is to choose the best option among the four provided. Return your answer as a single uppercase letter: A, B, C, or D.  **Question:** Which permission is typically required to execute browser-based pivoting behaviors in the context of T1185?  **Options:** A) SeTcbPrivilege B) SeShutdownPrivilege C) SeDebugPrivilege D) SeTakeOwnershipPrivilege  **Important:** The last line of your answer should contain only the single letter corresponding to the best option, with no additional text. ",C, C
https://attack.mitre.org/techniques/T1185/,What is one method used by adversaries to inherit cookies and authenticated sessions in T1185?,Using DNS poisoning,Injecting software into the browser,Changing browser settings,Launching a SYN flood attack,"You are given a multiple-choice question (MCQ) from a Cyber Threat Intelligence (CTI) knowledge benchmark dataset. Your task is to choose the best option among the four provided. Return your answer as a single uppercase letter: A, B, C, or D.  **Question:** What is one method used by adversaries to inherit cookies and authenticated sessions in T1185?  **Options:** A) Using DNS poisoning B) Injecting software into the browser C) Changing browser settings D) Launching a SYN flood attack  **Important:** The last line of your answer should contain only the single letter corresponding to the best option, with no additional text. ",B, C
https://attack.mitre.org/techniques/T1185/,Which mitigation could help restrict exposure to browser pivoting techniques like T1185?,Network Segmentation,Malware Detection,User Account Management,Email Filtering,"You are given a multiple-choice question (MCQ) from a Cyber Threat Intelligence (CTI) knowledge benchmark dataset. Your task is to choose the best option among the four provided. Return your answer as a single uppercase letter: A, B, C, or D.  **Question:** Which mitigation could help restrict exposure to browser pivoting techniques like T1185?  **Options:** A) Network Segmentation B) Malware Detection C) User Account Management D) Email Filtering  **Important:** The last line of your answer should contain only the single letter corresponding to the best option, with no additional text. ",C, B
https://attack.mitre.org/techniques/T1185/,How does Grandoreiro implement browser session hijacking techniques?,Form-grabbing,Displaying full-screen overlay images,DNS spoofing,Launching a SYN flood attack,"You are given a multiple-choice question (MCQ) from a Cyber Threat Intelligence (CTI) knowledge benchmark dataset. Your task is to choose the best option among the four provided. Return your answer as a single uppercase letter: A, B, C, or D.  **Question:** How does Grandoreiro implement browser session hijacking techniques?  **Options:** A) Form-grabbing B) Displaying full-screen overlay images C) DNS spoofing D) Launching a SYN flood attack  **Important:** The last line of your answer should contain only the single letter corresponding to the best option, with no additional text. ",B, A
https://attack.mitre.org/techniques/T1217/,"In the context of MITRE ATT&CK technique T1217 (Browser Information Discovery), which of the following threat actors has specifically used type ""\\c$\Users\\Favorites\Links\Bookmarks bar\Imported From IE*citrix* for bookmark discovery?",APT38,Chimera,Calisto,DarkWatchman,"You are given a multiple-choice question (MCQ) from a Cyber Threat Intelligence (CTI) knowledge benchmark dataset. Your task is to choose the best option among the four provided. Return your answer as a single uppercase letter: A, B, C, or D.  **Question:** In the context of MITRE ATT&CK technique T1217 (Browser Information Discovery), which of the following threat actors has specifically used type ""\\c$\Users\\Favorites\Links\Bookmarks bar\Imported From IE*citrix* for bookmark discovery?  **Options:** A) APT38 B) Chimera C) Calisto D) DarkWatchman  **Important:** The last line of your answer should contain only the single letter corresponding to the best option, with no additional text. ",B, A
https://attack.mitre.org/techniques/T1217/,"Which MITRE ATT&CK technique number and name corresponds with adversaries retrieving browser history as seen with DarkWatchman, Dtrack, and Lizar?",T1217 - Browser Information Discovery,T1003 - Credential Dumping,T1027 - Obfuscated Files or Information,T1056 - Input Capture,"You are given a multiple-choice question (MCQ) from a Cyber Threat Intelligence (CTI) knowledge benchmark dataset. Your task is to choose the best option among the four provided. Return your answer as a single uppercase letter: A, B, C, or D.  **Question:** Which MITRE ATT&CK technique number and name corresponds with adversaries retrieving browser history as seen with DarkWatchman, Dtrack, and Lizar?  **Options:** A) T1217 - Browser Information Discovery B) T1003 - Credential Dumping C) T1027 - Obfuscated Files or Information D) T1056 - Input Capture  **Important:** The last line of your answer should contain only the single letter corresponding to the best option, with no additional text. ",A, A
https://attack.mitre.org/techniques/T1217/,Security professionals monitoring for T1217 should focus on which data sources to detect potential browser information discovery activities?,"Command, File","Command, Network Traffic","File, Process","Command, Process, File","You are given a multiple-choice question (MCQ) from a Cyber Threat Intelligence (CTI) knowledge benchmark dataset. Your task is to choose the best option among the four provided. Return your answer as a single uppercase letter: A, B, C, or D.  **Question:** Security professionals monitoring for T1217 should focus on which data sources to detect potential browser information discovery activities?  **Options:** A) Command, File B) Command, Network Traffic C) File, Process D) Command, Process, File  **Important:** The last line of your answer should contain only the single letter corresponding to the best option, with no additional text. ",D, D
https://attack.mitre.org/techniques/T1217/,What type of specific data example stored in `%APPDATA%/Google/Chrome` might signal an instance of T1217 - Browser Information Discovery?,Credentials In Files,Remote Desktop Data,Browsing History,Network Configurations,"You are given a multiple-choice question (MCQ) from a Cyber Threat Intelligence (CTI) knowledge benchmark dataset. Your task is to choose the best option among the four provided. Return your answer as a single uppercase letter: A, B, C, or D.  **Question:** What type of specific data example stored in `%APPDATA%/Google/Chrome` might signal an instance of T1217 - Browser Information Discovery?  **Options:** A) Credentials In Files B) Remote Desktop Data C) Browsing History D) Network Configurations  **Important:** The last line of your answer should contain only the single letter corresponding to the best option, with no additional text. ",C, A
https://attack.mitre.org/techniques/T1176/,"In the context of MITRE ATT&CK (Platform: None), how can adversaries use browser extensions to maintain persistence on a victim's system?",By frequently updating the extension via legitimate app stores,By installing the extension via email phishing attacks,By creating browser cookies to log user activity,By modifying the browser's update URL to download updates from an adversary-controlled server,"You are given a multiple-choice question (MCQ) from a Cyber Threat Intelligence (CTI) knowledge benchmark dataset. Your task is to choose the best option among the four provided. Return your answer as a single uppercase letter: A, B, C, or D.  **Question:** In the context of MITRE ATT&CK (Platform: None), how can adversaries use browser extensions to maintain persistence on a victim's system?  **Options:** A) By frequently updating the extension via legitimate app stores B) By installing the extension via email phishing attacks C) By creating browser cookies to log user activity D) By modifying the browser's update URL to download updates from an adversary-controlled server  **Important:** The last line of your answer should contain only the single letter corresponding to the best option, with no additional text. ",D, C
https://attack.mitre.org/techniques/T1176/,Which malicious activity performed by adversaries is linked to the MITRE ATT&CK technique T1176 (Browser Extensions)?,Trojan horse installation,Botnet reconfiguration,Long-term RAT installation,Website defacement,"You are given a multiple-choice question (MCQ) from a Cyber Threat Intelligence (CTI) knowledge benchmark dataset. Your task is to choose the best option among the four provided. Return your answer as a single uppercase letter: A, B, C, or D.  **Question:** Which malicious activity performed by adversaries is linked to the MITRE ATT&CK technique T1176 (Browser Extensions)?  **Options:** A) Trojan horse installation B) Botnet reconfiguration C) Long-term RAT installation D) Website defacement  **Important:** The last line of your answer should contain only the single letter corresponding to the best option, with no additional text. ",C, C
https://attack.mitre.org/techniques/T1176/,Which mitigation technique can help prevent the installation of unauthorized browser extensions as per the MITRE ATT&CK framework?,Setting up a firewall,Using a browser extension allow or deny list,Auditing the installed extensions,Updating antivirus definitions,"You are given a multiple-choice question (MCQ) from a Cyber Threat Intelligence (CTI) knowledge benchmark dataset. Your task is to choose the best option among the four provided. Return your answer as a single uppercase letter: A, B, C, or D.  **Question:** Which mitigation technique can help prevent the installation of unauthorized browser extensions as per the MITRE ATT&CK framework?  **Options:** A) Setting up a firewall B) Using a browser extension allow or deny list C) Auditing the installed extensions D) Updating antivirus definitions  **Important:** The last line of your answer should contain only the single letter corresponding to the best option, with no additional text. ",B, C
https://attack.mitre.org/techniques/T1176/,What is a key recommendation for maintaining security related to browser extensions according to MITRE ATT&CK?,Use the latest versions of antivirus software,Ensure operating systems and browsers are using the most current version,Regularly back up all browser extension files,Always use a VPN while browsing,"You are given a multiple-choice question (MCQ) from a Cyber Threat Intelligence (CTI) knowledge benchmark dataset. Your task is to choose the best option among the four provided. Return your answer as a single uppercase letter: A, B, C, or D.  **Question:** What is a key recommendation for maintaining security related to browser extensions according to MITRE ATT&CK?  **Options:** A) Use the latest versions of antivirus software B) Ensure operating systems and browsers are using the most current version C) Regularly back up all browser extension files D) Always use a VPN while browsing  **Important:** The last line of your answer should contain only the single letter corresponding to the best option, with no additional text. ",B, C
https://attack.mitre.org/techniques/T1176/,"According to the MITRE ATT&CK framework, how did macOS 11+ change the installation method for browser extensions compared to earlier versions?",It allowed extensions to be installed directly from the command line,It required browser extensions to be signed by the developer,It restricted the use of `.mobileconfig` files and required user interaction,It allowed only approved extensions from the app store,"You are given a multiple-choice question (MCQ) from a Cyber Threat Intelligence (CTI) knowledge benchmark dataset. Your task is to choose the best option among the four provided. Return your answer as a single uppercase letter: A, B, C, or D.  **Question:** According to the MITRE ATT&CK framework, how did macOS 11+ change the installation method for browser extensions compared to earlier versions?  **Options:** A) It allowed extensions to be installed directly from the command line B) It required browser extensions to be signed by the developer C) It restricted the use of `.mobileconfig` files and required user interaction D) It allowed only approved extensions from the app store  **Important:** The last line of your answer should contain only the single letter corresponding to the best option, with no additional text. ",C, C
https://attack.mitre.org/techniques/T1037/005/,Which mitigation control is detailed in the document to prevent adversarial modifications to StartupItems?,Least Privilege,Network Segmentation,Restrict File and Directory Permissions,Monitor System Calls,"You are given a multiple-choice question (MCQ) from a Cyber Threat Intelligence (CTI) knowledge benchmark dataset. Your task is to choose the best option among the four provided. Return your answer as a single uppercase letter: A, B, C, or D.  **Question:** Which mitigation control is detailed in the document to prevent adversarial modifications to StartupItems?  **Options:** A) Least Privilege B) Network Segmentation C) Restrict File and Directory Permissions D) Monitor System Calls  **Important:** The last line of your answer should contain only the single letter corresponding to the best option, with no additional text. ",C," D

The correct answer is D, Monitor System Calls. The StartupItems can be modified by unauthorized users if not monitored, and system calls are a way to track these modifications."
https://attack.mitre.org/techniques/T1037/005/,Which data source is suggested to monitor for unexpected modifications in the /Library/StartupItems folder?,Command,Process,Network Traffic,File,"You are given a multiple-choice question (MCQ) from a Cyber Threat Intelligence (CTI) knowledge benchmark dataset. Your task is to choose the best option among the four provided. Return your answer as a single uppercase letter: A, B, C, or D.  **Question:** Which data source is suggested to monitor for unexpected modifications in the /Library/StartupItems folder?  **Options:** A) Command B) Process C) Network Traffic D) File  **Important:** The last line of your answer should contain only the single letter corresponding to the best option, with no additional text. ",D, D
https://attack.mitre.org/techniques/T1037/004/,Which adversary technique involves modifying startup scripts on Unix-like systems to establish persistence? (ID: T1037.004),Boot or Logon Initialization Scripts: Launchd,Boot or Logon Initialization Scripts: Systemd,Boot or Logon Initialization Scripts: RC Scripts,Boot or Logon Initialization Scripts: Cron Jobs,"You are given a multiple-choice question (MCQ) from a Cyber Threat Intelligence (CTI) knowledge benchmark dataset. Your task is to choose the best option among the four provided. Return your answer as a single uppercase letter: A, B, C, or D.  **Question:** Which adversary technique involves modifying startup scripts on Unix-like systems to establish persistence? (ID: T1037.004)  **Options:** A) Boot or Logon Initialization Scripts: Launchd B) Boot or Logon Initialization Scripts: Systemd C) Boot or Logon Initialization Scripts: RC Scripts D) Boot or Logon Initialization Scripts: Cron Jobs  **Important:** The last line of your answer should contain only the single letter corresponding to the best option, with no additional text. ",C, C
https://attack.mitre.org/techniques/T1037/004/,Which group has been known to add an entry to the rc.common file for persistence? (ID: T1037.004),APT29,Green Lambert,iKitten,Cyclops Blink,"You are given a multiple-choice question (MCQ) from a Cyber Threat Intelligence (CTI) knowledge benchmark dataset. Your task is to choose the best option among the four provided. Return your answer as a single uppercase letter: A, B, C, or D.  **Question:** Which group has been known to add an entry to the rc.common file for persistence? (ID: T1037.004)  **Options:** A) APT29 B) Green Lambert C) iKitten D) Cyclops Blink  **Important:** The last line of your answer should contain only the single letter corresponding to the best option, with no additional text. ",C, A
https://attack.mitre.org/techniques/T1037/004/,What mitigation strategy is recommended to prevent unauthorized editing of the rc.common file? (ID: M1022),Employ system cryptographic signatures,Restrict the use of administrative tools,Restrict File and Directory Permissions,Utilize network segmentation,"You are given a multiple-choice question (MCQ) from a Cyber Threat Intelligence (CTI) knowledge benchmark dataset. Your task is to choose the best option among the four provided. Return your answer as a single uppercase letter: A, B, C, or D.  **Question:** What mitigation strategy is recommended to prevent unauthorized editing of the rc.common file? (ID: M1022)  **Options:** A) Employ system cryptographic signatures B) Restrict the use of administrative tools C) Restrict File and Directory Permissions D) Utilize network segmentation  **Important:** The last line of your answer should contain only the single letter corresponding to the best option, with no additional text. ",C, C
https://attack.mitre.org/techniques/T1037/003/,Which mitigation is recommended for restricting write access to network logon scripts?,M1021: Restrict Registry Permissions,M1023: Restrict Library Access,M1022: Restrict File and Directory Permissions,M1024: Restrict Process Execution,"You are given a multiple-choice question (MCQ) from a Cyber Threat Intelligence (CTI) knowledge benchmark dataset. Your task is to choose the best option among the four provided. Return your answer as a single uppercase letter: A, B, C, or D.  **Question:** Which mitigation is recommended for restricting write access to network logon scripts?  **Options:** A) M1021: Restrict Registry Permissions B) M1023: Restrict Library Access C) M1022: Restrict File and Directory Permissions D) M1024: Restrict Process Execution  **Important:** The last line of your answer should contain only the single letter corresponding to the best option, with no additional text. ",C, C
https://attack.mitre.org/techniques/T1037/003/,What type of data source should be monitored to detect modifications in Active Directory related to network logon scripts?,DS0017: Command,DS0009: Process,DS0022: File,DS0026: Active Directory,"You are given a multiple-choice question (MCQ) from a Cyber Threat Intelligence (CTI) knowledge benchmark dataset. Your task is to choose the best option among the four provided. Return your answer as a single uppercase letter: A, B, C, or D.  **Question:** What type of data source should be monitored to detect modifications in Active Directory related to network logon scripts?  **Options:** A) DS0017: Command B) DS0009: Process C) DS0022: File D) DS0026: Active Directory  **Important:** The last line of your answer should contain only the single letter corresponding to the best option, with no additional text. ",D, D
https://attack.mitre.org/techniques/T1037/002/,What methodology do adversaries use to establish persistence via Login Hook according to MITRE ATT&CK technique T1037.002?,Adversaries modify the /etc/passwd file to include a malicious entry,Adversaries add or insert a path to a malicious script in the com.apple.loginwindow.plist file,Adversaries exploit default passwords on macOS services,Adversaries install a rogue kernel module upon boot,"You are given a multiple-choice question (MCQ) from a Cyber Threat Intelligence (CTI) knowledge benchmark dataset. Your task is to choose the best option among the four provided. Return your answer as a single uppercase letter: A, B, C, or D.  **Question:** What methodology do adversaries use to establish persistence via Login Hook according to MITRE ATT&CK technique T1037.002?  **Options:** A) Adversaries modify the /etc/passwd file to include a malicious entry B) Adversaries add or insert a path to a malicious script in the com.apple.loginwindow.plist file C) Adversaries exploit default passwords on macOS services D) Adversaries install a rogue kernel module upon boot  **Important:** The last line of your answer should contain only the single letter corresponding to the best option, with no additional text. ",B, C
https://attack.mitre.org/techniques/T1037/002/,Which of the following is a deprecated method for executing scripts upon user login in macOS 10.11 and later?,Login Daemon,Startup Script,Login Hook,Initialization Service,"You are given a multiple-choice question (MCQ) from a Cyber Threat Intelligence (CTI) knowledge benchmark dataset. Your task is to choose the best option among the four provided. Return your answer as a single uppercase letter: A, B, C, or D.  **Question:** Which of the following is a deprecated method for executing scripts upon user login in macOS 10.11 and later?  **Options:** A) Login Daemon B) Startup Script C) Login Hook D) Initialization Service  **Important:** The last line of your answer should contain only the single letter corresponding to the best option, with no additional text. ",C, B
https://attack.mitre.org/techniques/T1037/002/,"According to MITRE ATT&CK's Detection guidelines for T1037.002, which data source should be monitored to detect changes to the login hook files?",DS0015 | Network Traffic,DS0026 | Authentication Logs,DS0017 | Command Execution,DS0022 | File Creation and Modification,"You are given a multiple-choice question (MCQ) from a Cyber Threat Intelligence (CTI) knowledge benchmark dataset. Your task is to choose the best option among the four provided. Return your answer as a single uppercase letter: A, B, C, or D.  **Question:** According to MITRE ATT&CK's Detection guidelines for T1037.002, which data source should be monitored to detect changes to the login hook files?  **Options:** A) DS0015 | Network Traffic B) DS0026 | Authentication Logs C) DS0017 | Command Execution D) DS0022 | File Creation and Modification  **Important:** The last line of your answer should contain only the single letter corresponding to the best option, with no additional text. ",D, D
https://attack.mitre.org/techniques/T1134/004/,"Which of the following tools has been known to rely on parent PID spoofing as part of its ""rootkit-like"" functionality?",Empire,Cobalt Strike,DarkGate,KONNI,"You are given a multiple-choice question (MCQ) from a Cyber Threat Intelligence (CTI) knowledge benchmark dataset. Your task is to choose the best option among the four provided. Return your answer as a single uppercase letter: A, B, C, or D.  **Question:** Which of the following tools has been known to rely on parent PID spoofing as part of its ""rootkit-like"" functionality?  **Options:** A) Empire B) Cobalt Strike C) DarkGate D) KONNI  **Important:** The last line of your answer should contain only the single letter corresponding to the best option, with no additional text. ",C, D
https://attack.mitre.org/techniques/T1037/,Which threat group is known for hijacking legitimate application-specific startup scripts for persistence using technique T1037 (Boot or Logon Initialization Scripts) on the Enterprise platform?,Rocke,APT29,RotaJakiro,None of the above,"You are given a multiple-choice question (MCQ) from a Cyber Threat Intelligence (CTI) knowledge benchmark dataset. Your task is to choose the best option among the four provided. Return your answer as a single uppercase letter: A, B, C, or D.  **Question:** Which threat group is known for hijacking legitimate application-specific startup scripts for persistence using technique T1037 (Boot or Logon Initialization Scripts) on the Enterprise platform?  **Options:** A) Rocke B) APT29 C) RotaJakiro D) None of the above  **Important:** The last line of your answer should contain only the single letter corresponding to the best option, with no additional text. ",B, A
https://attack.mitre.org/techniques/T1037/,Which mitigation strategy involves ensuring proper permission settings for registry keys to prevent unauthorized modifications to logon scripts on the Enterprise platform?,Restrict File and Directory Permissions,Network Segmentation,Restrict Registry Permissions,User Training,"You are given a multiple-choice question (MCQ) from a Cyber Threat Intelligence (CTI) knowledge benchmark dataset. Your task is to choose the best option among the four provided. Return your answer as a single uppercase letter: A, B, C, or D.  **Question:** Which mitigation strategy involves ensuring proper permission settings for registry keys to prevent unauthorized modifications to logon scripts on the Enterprise platform?  **Options:** A) Restrict File and Directory Permissions B) Network Segmentation C) Restrict Registry Permissions D) User Training  **Important:** The last line of your answer should contain only the single letter corresponding to the best option, with no additional text. ",C, C
https://attack.mitre.org/techniques/T1037/,Monitoring which data source can help detect unauthorized modifications to logon scripts in the Active Directory as part of defending against technique T1037 (Boot or Logon Initialization Scripts)?,Process files and modifications,Command and arguments,File creation and modification,Active Directory object modification,"You are given a multiple-choice question (MCQ) from a Cyber Threat Intelligence (CTI) knowledge benchmark dataset. Your task is to choose the best option among the four provided. Return your answer as a single uppercase letter: A, B, C, or D.  **Question:** Monitoring which data source can help detect unauthorized modifications to logon scripts in the Active Directory as part of defending against technique T1037 (Boot or Logon Initialization Scripts)?  **Options:** A) Process files and modifications B) Command and arguments C) File creation and modification D) Active Directory object modification  **Important:** The last line of your answer should contain only the single letter corresponding to the best option, with no additional text. ",D, D
https://attack.mitre.org/techniques/T1535/,Which technique ID refers to adversaries creating cloud instances in unused geographic service regions to evade detection in MITRE ATT&CK?,T1533: Data from Local System,T1562: Impair Defenses,T1535: Unused/Unsupported Cloud Regions,T1547: Boot or Logon Autostart Execution,"You are given a multiple-choice question (MCQ) from a Cyber Threat Intelligence (CTI) knowledge benchmark dataset. Your task is to choose the best option among the four provided. Return your answer as a single uppercase letter: A, B, C, or D.  **Question:** Which technique ID refers to adversaries creating cloud instances in unused geographic service regions to evade detection in MITRE ATT&CK?  **Options:** A) T1533: Data from Local System B) T1562: Impair Defenses C) T1535: Unused/Unsupported Cloud Regions D) T1547: Boot or Logon Autostart Execution  **Important:** The last line of your answer should contain only the single letter corresponding to the best option, with no additional text. ",C," D

(Note: The method described in the question corresponds to Technique ID T1535: Unused/Unsupported Cloud Regions in MITRE ATT&CK.)"
https://attack.mitre.org/techniques/T1535/,"In the context of MITRE ATT&CK, which mitigation strategy is recommended to prevent adversaries from utilizing unused cloud regions for Defense Evasion?",Deactivate unused regions in the cloud provider.,Enable all advanced detection services across all regions.,Increase the number of regions under surveillance.,Limit account access to cloud management systems.,"You are given a multiple-choice question (MCQ) from a Cyber Threat Intelligence (CTI) knowledge benchmark dataset. Your task is to choose the best option among the four provided. Return your answer as a single uppercase letter: A, B, C, or D.  **Question:** In the context of MITRE ATT&CK, which mitigation strategy is recommended to prevent adversaries from utilizing unused cloud regions for Defense Evasion?  **Options:** A) Deactivate unused regions in the cloud provider. B) Enable all advanced detection services across all regions. C) Increase the number of regions under surveillance. D) Limit account access to cloud management systems.  **Important:** The last line of your answer should contain only the single letter corresponding to the best option, with no additional text. ",A, A
https://attack.mitre.org/techniques/T1550/001/,Which tactic does MITRE ATT&CK technique T1550.001 pertain to?,Initial Access,Persistence,Defense Evasion,,"You are given a multiple-choice question (MCQ) from a Cyber Threat Intelligence (CTI) knowledge benchmark dataset. Your task is to choose the best option among the four provided. Return your answer as a single uppercase letter: A, B, C, or D.  **Question:** Which tactic does MITRE ATT&CK technique T1550.001 pertain to?  **Options:** A) Initial Access B) Persistence C) Defense Evasion D) nan  **Important:** The last line of your answer should contain only the single letter corresponding to the best option, with no additional text. ",C, C
https://attack.mitre.org/techniques/T1550/001/,What is the primary purpose of application access tokens as described in T1550.001?,To directly store user credentials,To make authorized API requests on behalf of a user or service,To serve as alternative passwords for user accounts,To encrypt sensitive user data,"You are given a multiple-choice question (MCQ) from a Cyber Threat Intelligence (CTI) knowledge benchmark dataset. Your task is to choose the best option among the four provided. Return your answer as a single uppercase letter: A, B, C, or D.  **Question:** What is the primary purpose of application access tokens as described in T1550.001?  **Options:** A) To directly store user credentials B) To make authorized API requests on behalf of a user or service C) To serve as alternative passwords for user accounts D) To encrypt sensitive user data  **Important:** The last line of your answer should contain only the single letter corresponding to the best option, with no additional text. ",B, C
https://attack.mitre.org/techniques/T1550/001/,Which OAuth-related action can an adversary perform using a compromised access token in cloud-based email services?,Generate new access tokens,Encrypt communications,Perform REST API functions such as email searching and contact enumeration,Disable two-factor authentication,"You are given a multiple-choice question (MCQ) from a Cyber Threat Intelligence (CTI) knowledge benchmark dataset. Your task is to choose the best option among the four provided. Return your answer as a single uppercase letter: A, B, C, or D.  **Question:** Which OAuth-related action can an adversary perform using a compromised access token in cloud-based email services?  **Options:** A) Generate new access tokens B) Encrypt communications C) Perform REST API functions such as email searching and contact enumeration D) Disable two-factor authentication  **Important:** The last line of your answer should contain only the single letter corresponding to the best option, with no additional text. ",C, B
https://attack.mitre.org/techniques/T1550/001/,"During the SolarWinds Compromise (C0024), what specific method did APT29 use to make changes to the Office 365 environment?",Exploiting zero-day vulnerabilities,Crafting spear-phishing emails,Using compromised service principals,Intercepting network traffic,"You are given a multiple-choice question (MCQ) from a Cyber Threat Intelligence (CTI) knowledge benchmark dataset. Your task is to choose the best option among the four provided. Return your answer as a single uppercase letter: A, B, C, or D.  **Question:** During the SolarWinds Compromise (C0024), what specific method did APT29 use to make changes to the Office 365 environment?  **Options:** A) Exploiting zero-day vulnerabilities B) Crafting spear-phishing emails C) Using compromised service principals D) Intercepting network traffic  **Important:** The last line of your answer should contain only the single letter corresponding to the best option, with no additional text. ",C, C
https://attack.mitre.org/techniques/T1550/001/,Which mitigation strategy advises the use of token binding to cryptographically secure an application access token?,Application Developer Guidance (M1013),Encrypt Sensitive Information (M1041),Restrict Web-Based Content (M1021),Audit (M1047),"You are given a multiple-choice question (MCQ) from a Cyber Threat Intelligence (CTI) knowledge benchmark dataset. Your task is to choose the best option among the four provided. Return your answer as a single uppercase letter: A, B, C, or D.  **Question:** Which mitigation strategy advises the use of token binding to cryptographically secure an application access token?  **Options:** A) Application Developer Guidance (M1013) B) Encrypt Sensitive Information (M1041) C) Restrict Web-Based Content (M1021) D) Audit (M1047)  **Important:** The last line of your answer should contain only the single letter corresponding to the best option, with no additional text. ",A, A
https://attack.mitre.org/techniques/T1550/001/,"According to Detection insights for T1550.001, what activity should be monitored to detect misuse of application access tokens?",File transfer logs,Network traffic patterns,Web Credential Usage,User login attempts,"You are given a multiple-choice question (MCQ) from a Cyber Threat Intelligence (CTI) knowledge benchmark dataset. Your task is to choose the best option among the four provided. Return your answer as a single uppercase letter: A, B, C, or D.  **Question:** According to Detection insights for T1550.001, what activity should be monitored to detect misuse of application access tokens?  **Options:** A) File transfer logs B) Network traffic patterns C) Web Credential Usage D) User login attempts  **Important:** The last line of your answer should contain only the single letter corresponding to the best option, with no additional text. ",C, C
https://attack.mitre.org/techniques/T1550/002/,What is the purpose of the Pass the Hash technique (T1550.002) in cyber threat intelligence?,To encrypt the authentication channel used in communications,To authenticate as a user without having access to their cleartext password,To intercept and manipulate network traffic,To encrypt stored password hashes,"You are given a multiple-choice question (MCQ) from a Cyber Threat Intelligence (CTI) knowledge benchmark dataset. Your task is to choose the best option among the four provided. Return your answer as a single uppercase letter: A, B, C, or D.  **Question:** What is the purpose of the Pass the Hash technique (T1550.002) in cyber threat intelligence?  **Options:** A) To encrypt the authentication channel used in communications B) To authenticate as a user without having access to their cleartext password C) To intercept and manipulate network traffic D) To encrypt stored password hashes  **Important:** The last line of your answer should contain only the single letter corresponding to the best option, with no additional text. ",B, C
https://attack.mitre.org/techniques/T1550/002/,Which of the following groups has used tools such as Mimikatz for lateral movement via captured password hashes according to MITRE ATT&CK?,APT29,APT41,APT33,APT32,"You are given a multiple-choice question (MCQ) from a Cyber Threat Intelligence (CTI) knowledge benchmark dataset. Your task is to choose the best option among the four provided. Return your answer as a single uppercase letter: A, B, C, or D.  **Question:** Which of the following groups has used tools such as Mimikatz for lateral movement via captured password hashes according to MITRE ATT&CK?  **Options:** A) APT29 B) APT41 C) APT33 D) APT32  **Important:** The last line of your answer should contain only the single letter corresponding to the best option, with no additional text. ",B, A
https://attack.mitre.org/techniques/T1550/002/,How does 'Overpass the Hash' differ from 'Pass the Hash'?,It introduces encryption to communications,It uses the password hash to create a Kerberos ticket,It only works on Linux systems,It requires re-authentication every session,"You are given a multiple-choice question (MCQ) from a Cyber Threat Intelligence (CTI) knowledge benchmark dataset. Your task is to choose the best option among the four provided. Return your answer as a single uppercase letter: A, B, C, or D.  **Question:** How does 'Overpass the Hash' differ from 'Pass the Hash'?  **Options:** A) It introduces encryption to communications B) It uses the password hash to create a Kerberos ticket C) It only works on Linux systems D) It requires re-authentication every session  **Important:** The last line of your answer should contain only the single letter corresponding to the best option, with no additional text. ",B, C
https://attack.mitre.org/techniques/T1550/002/,What Windows Security event ID may indicate the use of Pass the Hash for lateral movement between workstations?,4662,4624,4672,4769,"You are given a multiple-choice question (MCQ) from a Cyber Threat Intelligence (CTI) knowledge benchmark dataset. Your task is to choose the best option among the four provided. Return your answer as a single uppercase letter: A, B, C, or D.  **Question:** What Windows Security event ID may indicate the use of Pass the Hash for lateral movement between workstations?  **Options:** A) 4662 B) 4624 C) 4672 D) 4769  **Important:** The last line of your answer should contain only the single letter corresponding to the best option, with no additional text. ",B, B
https://attack.mitre.org/techniques/T1550/002/,Which mitigation strategy could help prevent the effectiveness of Pass the Hash attacks?,Malware protection,Intrusion detection,Privileged Account Management,Antivirus software,"You are given a multiple-choice question (MCQ) from a Cyber Threat Intelligence (CTI) knowledge benchmark dataset. Your task is to choose the best option among the four provided. Return your answer as a single uppercase letter: A, B, C, or D.  **Question:** Which mitigation strategy could help prevent the effectiveness of Pass the Hash attacks?  **Options:** A) Malware protection B) Intrusion detection C) Privileged Account Management D) Antivirus software  **Important:** The last line of your answer should contain only the single letter corresponding to the best option, with no additional text. ",C, C
https://attack.mitre.org/techniques/T1550/002/,Which tool is capable of performing Pass the Hash on x64 versions of compromised machines according to MITRE ATT&CK?,Mimikatz,CrackMapExec,BADHATCH,Cobalt Strike,"You are given a multiple-choice question (MCQ) from a Cyber Threat Intelligence (CTI) knowledge benchmark dataset. Your task is to choose the best option among the four provided. Return your answer as a single uppercase letter: A, B, C, or D.  **Question:** Which tool is capable of performing Pass the Hash on x64 versions of compromised machines according to MITRE ATT&CK?  **Options:** A) Mimikatz B) CrackMapExec C) BADHATCH D) Cobalt Strike  **Important:** The last line of your answer should contain only the single letter corresponding to the best option, with no additional text. ",C, A
https://attack.mitre.org/techniques/T1550/003/,Under which scenario can a Silver Ticket be utilized based on MITRE ATT&CK T1550.003?,It can access all resources in a domain,It is used to request service tickets for other resources,It allows access to a specific resource,It involves the use of NTLM password hash,"You are given a multiple-choice question (MCQ) from a Cyber Threat Intelligence (CTI) knowledge benchmark dataset. Your task is to choose the best option among the four provided. Return your answer as a single uppercase letter: A, B, C, or D.  **Question:** Under which scenario can a Silver Ticket be utilized based on MITRE ATT&CK T1550.003?  **Options:** A) It can access all resources in a domain B) It is used to request service tickets for other resources C) It allows access to a specific resource D) It involves the use of NTLM password hash  **Important:** The last line of your answer should contain only the single letter corresponding to the best option, with no additional text. ",C, C
https://attack.mitre.org/techniques/T1550/003/,"According to MITRE ATT&CK T1550.003, what specific method does Mimikatz use to extract the krbtgt account hash?",EVENT::DCSync,DCOM::DUMP,LSADUMP::DCSync,PTT::EXTRACT,"You are given a multiple-choice question (MCQ) from a Cyber Threat Intelligence (CTI) knowledge benchmark dataset. Your task is to choose the best option among the four provided. Return your answer as a single uppercase letter: A, B, C, or D.  **Question:** According to MITRE ATT&CK T1550.003, what specific method does Mimikatz use to extract the krbtgt account hash?  **Options:** A) EVENT::DCSync B) DCOM::DUMP C) LSADUMP::DCSync D) PTT::EXTRACT  **Important:** The last line of your answer should contain only the single letter corresponding to the best option, with no additional text. ",C, D
https://attack.mitre.org/techniques/T1550/003/,Which mitigation measure can reset the KRBTGT account password twice to invalidate existing golden tickets?,M1027: Password Policies,M1026: Privileged Account Management,M1018: User Account Management,M1015: Active Directory Configuration,"You are given a multiple-choice question (MCQ) from a Cyber Threat Intelligence (CTI) knowledge benchmark dataset. Your task is to choose the best option among the four provided. Return your answer as a single uppercase letter: A, B, C, or D.  **Question:** Which mitigation measure can reset the KRBTGT account password twice to invalidate existing golden tickets?  **Options:** A) M1027: Password Policies B) M1026: Privileged Account Management C) M1018: User Account Management D) M1015: Active Directory Configuration  **Important:** The last line of your answer should contain only the single letter corresponding to the best option, with no additional text. ",D, C
https://attack.mitre.org/techniques/T1550/003/,How can APT32 use Pass the Ticket as per MITRE ATT&CK T1550.003?,By creating forged tickets for administrative access,By breaching SharePoint access,By capturing TGT via OS Credential Dumping,By performing overpassing the hash,"You are given a multiple-choice question (MCQ) from a Cyber Threat Intelligence (CTI) knowledge benchmark dataset. Your task is to choose the best option among the four provided. Return your answer as a single uppercase letter: A, B, C, or D.  **Question:** How can APT32 use Pass the Ticket as per MITRE ATT&CK T1550.003?  **Options:** A) By creating forged tickets for administrative access B) By breaching SharePoint access C) By capturing TGT via OS Credential Dumping D) By performing overpassing the hash  **Important:** The last line of your answer should contain only the single letter corresponding to the best option, with no additional text. ",C, A
https://attack.mitre.org/techniques/T1550/003/,"Which event ID can help detect the misuse of an invalidated golden ticket, according to MITRE ATT&CK T1550.003?",Event ID 4657,Event ID 4769,Event ID 2017,Event ID 4776,"You are given a multiple-choice question (MCQ) from a Cyber Threat Intelligence (CTI) knowledge benchmark dataset. Your task is to choose the best option among the four provided. Return your answer as a single uppercase letter: A, B, C, or D.  **Question:** Which event ID can help detect the misuse of an invalidated golden ticket, according to MITRE ATT&CK T1550.003?  **Options:** A) Event ID 4657 B) Event ID 4769 C) Event ID 2017 D) Event ID 4776  **Important:** The last line of your answer should contain only the single letter corresponding to the best option, with no additional text. ",B, A
https://attack.mitre.org/techniques/T1550/004/,"Given the MITRE ATT&CK technique T1550.004, which mitigation strategy can be employed to reduce the risk of session cookie misuse?",Implementing multi-factor authentication (MFA),Regularly updating user credentials,Monitoring application logs for unusual activities,Configuring browsers to regularly delete persistent cookies,"You are given a multiple-choice question (MCQ) from a Cyber Threat Intelligence (CTI) knowledge benchmark dataset. Your task is to choose the best option among the four provided. Return your answer as a single uppercase letter: A, B, C, or D.  **Question:** Given the MITRE ATT&CK technique T1550.004, which mitigation strategy can be employed to reduce the risk of session cookie misuse?  **Options:** A) Implementing multi-factor authentication (MFA) B) Regularly updating user credentials C) Monitoring application logs for unusual activities D) Configuring browsers to regularly delete persistent cookies  **Important:** The last line of your answer should contain only the single letter corresponding to the best option, with no additional text. ",D, D
https://attack.mitre.org/techniques/T1550/004/,"During the SolarWinds Compromise, which threat actor is associated with using stolen cookies to bypass multi-factor authentication for cloud resources?",APT28,APT29,APT33,APT41,"You are given a multiple-choice question (MCQ) from a Cyber Threat Intelligence (CTI) knowledge benchmark dataset. Your task is to choose the best option among the four provided. Return your answer as a single uppercase letter: A, B, C, or D.  **Question:** During the SolarWinds Compromise, which threat actor is associated with using stolen cookies to bypass multi-factor authentication for cloud resources?  **Options:** A) APT28 B) APT29 C) APT33 D) APT41  **Important:** The last line of your answer should contain only the single letter corresponding to the best option, with no additional text. ",B, A
https://attack.mitre.org/techniques/T1204/001/,Which of the following groups used spearphishing emails to lure targets into downloading a Cobalt Strike beacon? (MITRE ATT&CK T1204.001: User Execution: Malicious Link),APT3,APT32,APT33,APT28,"You are given a multiple-choice question (MCQ) from a Cyber Threat Intelligence (CTI) knowledge benchmark dataset. Your task is to choose the best option among the four provided. Return your answer as a single uppercase letter: A, B, C, or D.  **Question:** Which of the following groups used spearphishing emails to lure targets into downloading a Cobalt Strike beacon? (MITRE ATT&CK T1204.001: User Execution: Malicious Link)  **Options:** A) APT3 B) APT32 C) APT33 D) APT28  **Important:** The last line of your answer should contain only the single letter corresponding to the best option, with no additional text. ",B, A
https://attack.mitre.org/techniques/T1204/001/,Which mitigation strategy recommends blocking unknown or unused files in transit by default when a link is being visited? (MITRE ATT&CK T1204.001: User Execution: Malicious Link),Network Intrusion Prevention,Restrict Web-Based Content,User Training,Email Sandboxing,"You are given a multiple-choice question (MCQ) from a Cyber Threat Intelligence (CTI) knowledge benchmark dataset. Your task is to choose the best option among the four provided. Return your answer as a single uppercase letter: A, B, C, or D.  **Question:** Which mitigation strategy recommends blocking unknown or unused files in transit by default when a link is being visited? (MITRE ATT&CK T1204.001: User Execution: Malicious Link)  **Options:** A) Network Intrusion Prevention B) Restrict Web-Based Content C) User Training D) Email Sandboxing  **Important:** The last line of your answer should contain only the single letter corresponding to the best option, with no additional text. ",B, C
https://attack.mitre.org/techniques/T1204/001/,What detection method involves monitoring newly constructed web-based network connections sent to malicious or suspicious destinations? (MITRE ATT&CK T1204.001: User Execution: Malicious Link),File Creation,Network Connection Creation,Network Traffic Content,Endpoint Detection and Response (EDR),"You are given a multiple-choice question (MCQ) from a Cyber Threat Intelligence (CTI) knowledge benchmark dataset. Your task is to choose the best option among the four provided. Return your answer as a single uppercase letter: A, B, C, or D.  **Question:** What detection method involves monitoring newly constructed web-based network connections sent to malicious or suspicious destinations? (MITRE ATT&CK T1204.001: User Execution: Malicious Link)  **Options:** A) File Creation B) Network Connection Creation C) Network Traffic Content D) Endpoint Detection and Response (EDR)  **Important:** The last line of your answer should contain only the single letter corresponding to the best option, with no additional text. ",B, C
https://attack.mitre.org/techniques/T1204/001/,Which adversary group has used OneDrive links for users to download files for execution? (MITRE ATT&CK T1204.001: User Execution: Malicious Link),BlackTech,Bazar,Emotet,Bumblebee,"You are given a multiple-choice question (MCQ) from a Cyber Threat Intelligence (CTI) knowledge benchmark dataset. Your task is to choose the best option among the four provided. Return your answer as a single uppercase letter: A, B, C, or D.  **Question:** Which adversary group has used OneDrive links for users to download files for execution? (MITRE ATT&CK T1204.001: User Execution: Malicious Link)  **Options:** A) BlackTech B) Bazar C) Emotet D) Bumblebee  **Important:** The last line of your answer should contain only the single letter corresponding to the best option, with no additional text. ",D, B
https://attack.mitre.org/techniques/T1204/001/,What file types are specifically recommended to be blocked in transit as a part of web-based content restriction? (MITRE ATT&CK T1204.001: User Execution: Malicious Link),".pdf, .doc, .xls",".scr, .exe, .pif, .cpl",".lnk, .bat, .cmd",".zip, .rar","You are given a multiple-choice question (MCQ) from a Cyber Threat Intelligence (CTI) knowledge benchmark dataset. Your task is to choose the best option among the four provided. Return your answer as a single uppercase letter: A, B, C, or D.  **Question:** What file types are specifically recommended to be blocked in transit as a part of web-based content restriction? (MITRE ATT&CK T1204.001: User Execution: Malicious Link)  **Options:** A) .pdf, .doc, .xls B) .scr, .exe, .pif, .cpl C) .lnk, .bat, .cmd D) .zip, .rar  **Important:** The last line of your answer should contain only the single letter corresponding to the best option, with no additional text. ",B, D
https://attack.mitre.org/techniques/T1204/001/,Which group employed URLs hosted on Google Docs to host decoys that lead to execution? (MITRE ATT&CK T1204.001: User Execution: Malicious Link),Bazar,APT3,Leviathan,PLEAD,"You are given a multiple-choice question (MCQ) from a Cyber Threat Intelligence (CTI) knowledge benchmark dataset. Your task is to choose the best option among the four provided. Return your answer as a single uppercase letter: A, B, C, or D.  **Question:** Which group employed URLs hosted on Google Docs to host decoys that lead to execution? (MITRE ATT&CK T1204.001: User Execution: Malicious Link)  **Options:** A) Bazar B) APT3 C) Leviathan D) PLEAD  **Important:** The last line of your answer should contain only the single letter corresponding to the best option, with no additional text. ",A, A
https://attack.mitre.org/techniques/T1204/002/,"According to MITRE ATT&CK technique T1204.002, which of the following file types have NOT been mentioned as examples of files that adversaries can use to execute malicious code?",.doc,.iso,.pdf,.scr,"You are given a multiple-choice question (MCQ) from a Cyber Threat Intelligence (CTI) knowledge benchmark dataset. Your task is to choose the best option among the four provided. Return your answer as a single uppercase letter: A, B, C, or D.  **Question:** According to MITRE ATT&CK technique T1204.002, which of the following file types have NOT been mentioned as examples of files that adversaries can use to execute malicious code?  **Options:** A) .doc B) .iso C) .pdf D) .scr  **Important:** The last line of your answer should contain only the single letter corresponding to the best option, with no additional text. ",B, C
https://attack.mitre.org/techniques/T1204/002/,Which cyber threat group used malicious Microsoft Office attachments with macros during the 2015 Ukraine Electric Power Attack?,Sandworm Team,admin@338,APT29,APT19,"You are given a multiple-choice question (MCQ) from a Cyber Threat Intelligence (CTI) knowledge benchmark dataset. Your task is to choose the best option among the four provided. Return your answer as a single uppercase letter: A, B, C, or D.  **Question:** Which cyber threat group used malicious Microsoft Office attachments with macros during the 2015 Ukraine Electric Power Attack?  **Options:** A) Sandworm Team B) admin@338 C) APT29 D) APT19  **Important:** The last line of your answer should contain only the single letter corresponding to the best option, with no additional text. ",A, A
https://attack.mitre.org/techniques/T1204/002/,"In the context of MITRE ATT&CK T1204.002, which mitigation strategy involves using specific rules on Windows 10 to prevent execution of potentially malicious executables?",Execution Prevention,Behavior Prevention on Endpoint,User Training,Network Segmentation,"You are given a multiple-choice question (MCQ) from a Cyber Threat Intelligence (CTI) knowledge benchmark dataset. Your task is to choose the best option among the four provided. Return your answer as a single uppercase letter: A, B, C, or D.  **Question:** In the context of MITRE ATT&CK T1204.002, which mitigation strategy involves using specific rules on Windows 10 to prevent execution of potentially malicious executables?  **Options:** A) Execution Prevention B) Behavior Prevention on Endpoint C) User Training D) Network Segmentation  **Important:** The last line of your answer should contain only the single letter corresponding to the best option, with no additional text. ",B, C
https://attack.mitre.org/techniques/T1204/002/,Which tool has been spread through users' interaction with malicious .zip and .msi files as per MITRE ATT&CK pattern T1204.002?,Disco,Mustang Panda,Dridex,APT32,"You are given a multiple-choice question (MCQ) from a Cyber Threat Intelligence (CTI) knowledge benchmark dataset. Your task is to choose the best option among the four provided. Return your answer as a single uppercase letter: A, B, C, or D.  **Question:** Which tool has been spread through users' interaction with malicious .zip and .msi files as per MITRE ATT&CK pattern T1204.002?  **Options:** A) Disco B) Mustang Panda C) Dridex D) APT32  **Important:** The last line of your answer should contain only the single letter corresponding to the best option, with no additional text. ",A, C
https://attack.mitre.org/techniques/T1204/002/,Which data source can be monitored for detecting file creation events to identify malicious activity under MITRE ATT&CK technique T1204.002?,Network Traffic,Process,File,Registry,"You are given a multiple-choice question (MCQ) from a Cyber Threat Intelligence (CTI) knowledge benchmark dataset. Your task is to choose the best option among the four provided. Return your answer as a single uppercase letter: A, B, C, or D.  **Question:** Which data source can be monitored for detecting file creation events to identify malicious activity under MITRE ATT&CK technique T1204.002?  **Options:** A) Network Traffic B) Process C) File D) Registry  **Important:** The last line of your answer should contain only the single letter corresponding to the best option, with no additional text. ",C, C
https://attack.mitre.org/techniques/T1204/002/,"In the ATT&CK pattern T1204.002, which cyber threat group has utilized malicious Microsoft Word and PDF attachments sent via spearphishing?",APT12,APT32,APT41,APT10,"You are given a multiple-choice question (MCQ) from a Cyber Threat Intelligence (CTI) knowledge benchmark dataset. Your task is to choose the best option among the four provided. Return your answer as a single uppercase letter: A, B, C, or D.  **Question:** In the ATT&CK pattern T1204.002, which cyber threat group has utilized malicious Microsoft Word and PDF attachments sent via spearphishing?  **Options:** A) APT12 B) APT32 C) APT41 D) APT10  **Important:** The last line of your answer should contain only the single letter corresponding to the best option, with no additional text. ",A, A
https://attack.mitre.org/techniques/T1204/003/,Which of the following mitigation strategies involves the use of digital signatures to ensure the integrity and publisher of specific image tags?,Auditing (M1047),Code Signing (M1045),Network Intrusion Prevention (M1031),User Training (M1017),"You are given a multiple-choice question (MCQ) from a Cyber Threat Intelligence (CTI) knowledge benchmark dataset. Your task is to choose the best option among the four provided. Return your answer as a single uppercase letter: A, B, C, or D.  **Question:** Which of the following mitigation strategies involves the use of digital signatures to ensure the integrity and publisher of specific image tags?  **Options:** A) Auditing (M1047) B) Code Signing (M1045) C) Network Intrusion Prevention (M1031) D) User Training (M1017)  **Important:** The last line of your answer should contain only the single letter corresponding to the best option, with no additional text. ",B, B
https://attack.mitre.org/techniques/T1204/003/,What is one of the primary strategies adversaries use in the T1204.003 technique to increase the likelihood of users deploying their malicious images?,Compromising endpoints,Exploiting zero-day vulnerabilities,Matching legitimate names or locations,Delivering through phishing campaigns,"You are given a multiple-choice question (MCQ) from a Cyber Threat Intelligence (CTI) knowledge benchmark dataset. Your task is to choose the best option among the four provided. Return your answer as a single uppercase letter: A, B, C, or D.  **Question:** What is one of the primary strategies adversaries use in the T1204.003 technique to increase the likelihood of users deploying their malicious images?  **Options:** A) Compromising endpoints B) Exploiting zero-day vulnerabilities C) Matching legitimate names or locations D) Delivering through phishing campaigns  **Important:** The last line of your answer should contain only the single letter corresponding to the best option, with no additional text. ",C, D
https://attack.mitre.org/techniques/T1204/003/,Which data source would be most effective in detecting the creation of new containers from potentially malicious images?,Application Log (DS0015),Command Execution (DS0017),Container Creation (DS0032),Image Creation (DS0007),"You are given a multiple-choice question (MCQ) from a Cyber Threat Intelligence (CTI) knowledge benchmark dataset. Your task is to choose the best option among the four provided. Return your answer as a single uppercase letter: A, B, C, or D.  **Question:** Which data source would be most effective in detecting the creation of new containers from potentially malicious images?  **Options:** A) Application Log (DS0015) B) Command Execution (DS0017) C) Container Creation (DS0032) D) Image Creation (DS0007)  **Important:** The last line of your answer should contain only the single letter corresponding to the best option, with no additional text. ",C, C
https://attack.mitre.org/techniques/T1204/003/,The cyber threat group TeamTNT is known for relying on which of the following methods to execute their attacks?,Injecting malicious code into firmware,Using malicious Docker images,Compromising supply chain software,Exploiting buffer overflows,"You are given a multiple-choice question (MCQ) from a Cyber Threat Intelligence (CTI) knowledge benchmark dataset. Your task is to choose the best option among the four provided. Return your answer as a single uppercase letter: A, B, C, or D.  **Question:** The cyber threat group TeamTNT is known for relying on which of the following methods to execute their attacks?  **Options:** A) Injecting malicious code into firmware B) Using malicious Docker images C) Compromising supply chain software D) Exploiting buffer overflows  **Important:** The last line of your answer should contain only the single letter corresponding to the best option, with no additional text. ",B, C
https://attack.mitre.org/techniques/T1134/005/,"In the context of MITRE ATT&CK Enterprise, which tool uses the MISC::AddSid module for SID-History Injection?",Empire,Mimikatz,Metasploit,Cobalt Strike,"You are given a multiple-choice question (MCQ) from a Cyber Threat Intelligence (CTI) knowledge benchmark dataset. Your task is to choose the best option among the four provided. Return your answer as a single uppercase letter: A, B, C, or D.  **Question:** In the context of MITRE ATT&CK Enterprise, which tool uses the MISC::AddSid module for SID-History Injection?  **Options:** A) Empire B) Mimikatz C) Metasploit D) Cobalt Strike  **Important:** The last line of your answer should contain only the single letter corresponding to the best option, with no additional text. ",B, C
https://attack.mitre.org/techniques/T1134/005/,Which of the following is a mitigation strategy for SID-History Injection according to the MITRE ATT&CK framework?,Using Group Policy Objects,Implementing network segmentation,Cleaning up SID-History attributes after legitimate account migration,Using antivirus software,"You are given a multiple-choice question (MCQ) from a Cyber Threat Intelligence (CTI) knowledge benchmark dataset. Your task is to choose the best option among the four provided. Return your answer as a single uppercase letter: A, B, C, or D.  **Question:** Which of the following is a mitigation strategy for SID-History Injection according to the MITRE ATT&CK framework?  **Options:** A) Using Group Policy Objects B) Implementing network segmentation C) Cleaning up SID-History attributes after legitimate account migration D) Using antivirus software  **Important:** The last line of your answer should contain only the single letter corresponding to the best option, with no additional text. ",C, C
https://attack.mitre.org/techniques/T1134/005/,Which of the following techniques is associated with the ID T1134.005 in the context of MITRE ATT&CK?,Access Token Manipulation: SID-History Injection,Process Hollowing: Injected Execution,Manipulation of Writing Permissions: ACL-Busting,Remote Access: Credential Dumping,"You are given a multiple-choice question (MCQ) from a Cyber Threat Intelligence (CTI) knowledge benchmark dataset. Your task is to choose the best option among the four provided. Return your answer as a single uppercase letter: A, B, C, or D.  **Question:** Which of the following techniques is associated with the ID T1134.005 in the context of MITRE ATT&CK?  **Options:** A) Access Token Manipulation: SID-History Injection B) Process Hollowing: Injected Execution C) Manipulation of Writing Permissions: ACL-Busting D) Remote Access: Credential Dumping  **Important:** The last line of your answer should contain only the single letter corresponding to the best option, with no additional text. ",A, B
https://attack.mitre.org/techniques/T1078/001/,"In the context of T1078.001 Valid Accounts: Default Accounts, which malware leveraged default credentials to connect to IPC$ shares on remote machines?",Stuxnet,HyperStack,Mirai,Magic Hound,"You are given a multiple-choice question (MCQ) from a Cyber Threat Intelligence (CTI) knowledge benchmark dataset. Your task is to choose the best option among the four provided. Return your answer as a single uppercase letter: A, B, C, or D.  **Question:** In the context of T1078.001 Valid Accounts: Default Accounts, which malware leveraged default credentials to connect to IPC$ shares on remote machines?  **Options:** A) Stuxnet B) HyperStack C) Mirai D) Magic Hound  **Important:** The last line of your answer should contain only the single letter corresponding to the best option, with no additional text. ",B, C
https://attack.mitre.org/techniques/T1078/001/,"Based on T1078.001 Valid Accounts: Default Accounts, what is a recommended mitigation strategy to protect against the use of default credentials?",Encrypting data at rest,Implement Multi-Factor Authentication,Change default username and password immediately after installation,Regular system updates and patches,"You are given a multiple-choice question (MCQ) from a Cyber Threat Intelligence (CTI) knowledge benchmark dataset. Your task is to choose the best option among the four provided. Return your answer as a single uppercase letter: A, B, C, or D.  **Question:** Based on T1078.001 Valid Accounts: Default Accounts, what is a recommended mitigation strategy to protect against the use of default credentials?  **Options:** A) Encrypting data at rest B) Implement Multi-Factor Authentication C) Change default username and password immediately after installation D) Regular system updates and patches  **Important:** The last line of your answer should contain only the single letter corresponding to the best option, with no additional text. ",C, C
https://attack.mitre.org/techniques/T1078/002/,Which technique ID corresponds with adversaries abusing domain accounts?,T1078.001,T1078.002,T1078.003,T1078.004,"You are given a multiple-choice question (MCQ) from a Cyber Threat Intelligence (CTI) knowledge benchmark dataset. Your task is to choose the best option among the four provided. Return your answer as a single uppercase letter: A, B, C, or D.  **Question:** Which technique ID corresponds with adversaries abusing domain accounts?  **Options:** A) T1078.001 B) T1078.002 C) T1078.003 D) T1078.004  **Important:** The last line of your answer should contain only the single letter corresponding to the best option, with no additional text. ",B, B
https://attack.mitre.org/techniques/T1078/002/,Which detection method involves monitoring remote desktop logons and comparing them to known/approved originating systems to detect lateral movement?,Logon Session Creation,Logon Session Metadata,User Account Authentication,Event Log Analysis,"You are given a multiple-choice question (MCQ) from a Cyber Threat Intelligence (CTI) knowledge benchmark dataset. Your task is to choose the best option among the four provided. Return your answer as a single uppercase letter: A, B, C, or D.  **Question:** Which detection method involves monitoring remote desktop logons and comparing them to known/approved originating systems to detect lateral movement?  **Options:** A) Logon Session Creation B) Logon Session Metadata C) User Account Authentication D) Event Log Analysis  **Important:** The last line of your answer should contain only the single letter corresponding to the best option, with no additional text. ",A, B
https://attack.mitre.org/techniques/T1078/002/,Which adversary group is known to use legitimate account credentials to move laterally through compromised environments?,APT3,APT5,Cobalt Strike,CreepySnail,"You are given a multiple-choice question (MCQ) from a Cyber Threat Intelligence (CTI) knowledge benchmark dataset. Your task is to choose the best option among the four provided. Return your answer as a single uppercase letter: A, B, C, or D.  **Question:** Which adversary group is known to use legitimate account credentials to move laterally through compromised environments?  **Options:** A) APT3 B) APT5 C) Cobalt Strike D) CreepySnail  **Important:** The last line of your answer should contain only the single letter corresponding to the best option, with no additional text. ",B, A
https://attack.mitre.org/techniques/T1078/002/,Which mitigation involves integrating multi-factor authentication (MFA) as part of organizational policy?,User Training,Privileged Account Management,Network Segmentation,Multi-factor Authentication,"You are given a multiple-choice question (MCQ) from a Cyber Threat Intelligence (CTI) knowledge benchmark dataset. Your task is to choose the best option among the four provided. Return your answer as a single uppercase letter: A, B, C, or D.  **Question:** Which mitigation involves integrating multi-factor authentication (MFA) as part of organizational policy?  **Options:** A) User Training B) Privileged Account Management C) Network Segmentation D) Multi-factor Authentication  **Important:** The last line of your answer should contain only the single letter corresponding to the best option, with no additional text. ",D, D
